{
  "mistral":0.2333809475,
  "phi3":0.319729052,
  "llama3":0.3535911009
}